ID,Date,Completed in,Service,API,Username,IMEI,Status, ,Credit,Edit
1897,2024-12-07,30 S,IMEI CHECK ( BASIC INFO) KEY-GSM,Code-Gsm server [Other Script 61],firassebousmina,351955441221447,Replied,...,0.46 TND,
1895,2024-12-06,18 S,All-in-one (iFreeCheck Pro)+ Carrier [IMEI/SN],IFREECHECK PRO [Other Script 100],kila.faydi,C701K2Q0J5,Replied,...,0.56 TND,
1894,2024-12-04,27 S,All-in-one (iFreeCheck Pro)+ Carrier [IMEI/SN],IFREECHECK PRO [Other Script 100],kila.faydi,Y5C7CG4CNG,Replied,...,0.56 TND,
1893,2024-12-04,2 Min,LPRO MAX BYPASS PREMIUM IPHONE 7/7+,Amrr unlocker  [Other Fusion 2],najjarmourad1975,DNQVDVQ1J5KN,Replied,...,77.00 TND,
1892,2024-12-04,1 Min,LPRO MAX BYPASS PREMIUM IPHONE 7/7+,Amrr unlocker  [Other Fusion 2],najjarmourad1975,DNQVDVQ1J5KN.,Rejected,...,77.00 TND,
1889,2024-12-03,7 Min,LPRO MAX BYPASS PREMIUM IPHONE 6S / 6S+,Amrr unlocker  [Other Fusion 2],najjarmourad1975,DNPQTPUEGRY6,Replied,...,52.85 TND,
1888,2024-12-03,19 S,All-in-one (iFreeCheck Pro)+ Carrier [IMEI/SN],IFREECHECK PRO [Other Script 100],tyleralsola30,359708622925753,Replied,...,0.28 USD,
1887,2024-12-03,11 Min,LPRO MAX BYPASS PREMIUM IPHONE 6S / 6S+,Amrr unlocker  [Other Fusion 2],najjarmourad1975,DNPQTPUEGRY6,Rejected,...,52.85 TND,
1885,2024-12-02,1 Min,SAMSUNG FRP BY IMEI/SN FAST SERVICE PREMIUM 100%,Amrr unlocker  [Other Fusion 2],Medelhedi.zorrig,R58X30EAVFD,Replied,...,28.00 TND,
1884,2024-12-02,2 Min,SAMSUNG FRP BY IMEI/SN FAST SERVICE PREMIUM 100%,Amrr unlocker  [Other Fusion 2],kila.faydi,351234164685059,Replied,...,28.00 TND,
1883,2024-12-02,6 Min,LPRO MAX BYPASS PREMIUM IPHONE 6S / 6S+,Amrr unlocker  [Other Fusion 2],hedhiliramzi,FCDSW27HHFM5,Replied,...,52.85 TND,
1882,2024-12-01, ,SMD ACTIVATOR PRO A12+  (WITHOUT SIGNAL) IPHONE 13,Amrr unlocker  [Other Fusion 2],tyleralsola30,GL92G5WQWJ,Accepted, ,72.00 USD,
1881,2024-11-30,6 Min,LPRO MAX BYPASS PREMIUM IPHONE 6S / 6S+,Amrr unlocker  [Other Fusion 2],hedhiliramzi,FCDSW27HHFM5,Rejected,...,52.85 TND,
1880,2024-11-30,55 S,SMD Tool Bypass iPhone 6S - 6S Plus -SE 1 [ With Signal ]  IOS 15,Amrr unlocker  [Other Fusion 2],hedhiliramzi,FCDSW27HHFM5,Rejected,...,46.90 TND,
1879,2024-11-30,23 Hr,SMD ACTIVATOR PRO A12+  (WITHOUT SIGNAL) IPHONE 13,Amrr unlocker  [Other Fusion 2],tyleralsola30,356417994549851,Rejected,...,72.00 USD,
1877,2024-11-29,11 S,KEY-GSM WIFI TOOL Untethered Bypass Hello Screen iOS 15 - 17 with Notification (no Signal),FRPFILE [Other Script 62],Oueslatidali35,001910AA08BA4D26,Replied,...,14.00 TND,
1876,2024-11-29,29 S,All-in-one (Basic Info) [IMEI/SN],IFREECHECK PRO [Other Script 100],firassebousmina,358497892749371,Replied,...,0.49 TND,
1875,2024-11-28,3 S,AUXPRO Ramdisk Passcode With Signal [WINDOWS] IOS 15-16,ahmed unlocker [Other Script 99],Haboub,0x0000020caf93951c,Replied,...,0.00 TND,
1874,2024-11-28,3 Hr,FREE CHECK ON/OFF BY  [ONLY SERIAL] ⚡,Code-Gsm server [Other Script 61],tyleralsola30,353043116567812,Rejected,...,0.00 USD,
1873,2024-11-28,3 Hr,FREE CHECK ON/OFF BY  [ONLY SERIAL] ⚡,Code-Gsm server [Other Script 61],tyleralsola30,359708622925753,Rejected,...,0.00 USD,
1872,2024-11-27,48 S,All-in-one (Basic Info) [IMEI/SN],IFREECHECK PRO [Other Script 100],kila.faydi,YG4G9WXD3J,Replied,...,0.49 TND,
1871,2024-11-27,2 Min,SAMSUNG FRP BY IMEI/SN FAST SERVICE PREMIUM 100%,Amrr unlocker  [Other Fusion 2],hedhiliramzi,351672494125744,Replied,...,28.00 TND,
1868,2024-11-26,2 Days,SMD ACTIVATOR PRO A12+  (WITHOUT SIGNAL) IPHONE 13 PRO MAX,Amrr unlocker  [Other Fusion 2],Medelhedi.zorrig,M7M75P936R,Replied,...,280.00 TND,
1867,2024-11-26,22 Min,Sold By + Case  + Remplacement - New Source,Amrr unlocker  [Other Fusion 2],hedhiliramzi,G6TF831Z0D57,Replied,...,14.00 TND,
1866,2024-11-25,13 Hr,SMD BYPASS IPAD AIR 5TH GEN NO SIGNAL,Amrr unlocker  [Other Fusion 2],lotfi12345.ll,LJX36TF6L3,Replied,...,238.00 TND,
1865,2024-11-25,1 Hr,SMD BYPASS IPAD AIR 5TH GEN NO SIGNAL,Amrr unlocker  [Other Fusion 2],lotfi12345.ll,FPPQ24X9TC,Replied,...,238.00 TND,
1864,2024-11-25,50 Min,SMD BYPASS IPAD AIR 5TH GEN NO SIGNAL,Amrr unlocker  [Other Fusion 2],lotfi12345.ll,FPPQ24X9TC,Rejected,...,238.00 TND,
1863,2024-11-25,50 Min,SMD BYPASS IPAD AIR 5TH GEN NO SIGNAL,Amrr unlocker  [Other Fusion 2],lotfi12345.ll,LJX36TF6L3,Rejected,...,238.00 TND,
1862,2024-11-25,1 Hr,Sold By + Case  + Remplacement - New Source,Amrr unlocker  [Other Fusion 2],hedhiliramzi,MGDG3 AA/A,Rejected,...,14.00 TND,
1861,2024-11-25,5 Min,LPRO MAX BYPASS PREMIUM IPHONE 8/8+,Amrr unlocker  [Other Fusion 2],ibrahimbouaziz3,C8PXDQZDJC68,Replied,...,86.80 TND,
1860,2024-11-25,3 Min,LPRO MAX BYPASS PREMIUM IPHONE 8/8+,Amrr unlocker  [Other Fusion 2],ibrahimbouaziz3,C8PXDQZDJC68,Rejected,...,86.80 TND,
1859,2024-11-25,1 Days,SMD ACTIVATOR PRO A12+  (WITHOUT SIGNAL) IPHONE 14,Amrr unlocker  [Other Fusion 2],tyleralsola30,HYT65303RT,Replied,...,66.00 USD,
1858,2024-11-25,12 Min,SMD ACTIVATOR PRO A12+  (WITHOUT SIGNAL) IPHONE 13,Amrr unlocker  [Other Fusion 2],tyleralsola30,350521069978873,Rejected,...,66.00 USD,
1857,2024-11-24,13 Hr,SAMSUNG FRP BY IMEI/SN FAST SERVICE PREMIUM 100%,Amrr unlocker  [Other Fusion 2],kila.faydi,R58WA014SMW,Rejected,...,28.00 TND,
1856,2024-11-23,4 Min,LPRO MAX BYPASS PREMIUM IPHONE 8/8+,Amrr unlocker  [Other Fusion 2],kila.faydi,DX3YK079JCLY,Replied,...,86.80 TND,
1855,2024-11-23,2 Min,LPRO MAX BYPASS PREMIUM IPHONE 8/8+,Amrr unlocker  [Other Fusion 2],kila.faydi,DX3YK079JCLY,Rejected,...,86.80 TND,
1854,2024-11-23,3 Min,LPRO MAX BYPASS PREMIUM IPHONE 8/8+,Amrr unlocker  [Other Fusion 2],kila.faydi,DX3YK079JCLY,Rejected,...,86.80 TND,
1853,2024-11-23,4 Min,LPRO MAX BYPASS PREMIUM IPHONE 8/8+,Amrr unlocker  [Other Fusion 2],kila.faydi,DX3YK079JCLY,Rejected,...,86.80 TND,
1851,2024-11-22,14 S,All-in-one (iFreeCheck Pro) [No Carrier ❌] [IMEI/SN],IFREECHECK PRO [Other Script 100],kila.faydi,FD2Y338XJCM2,Replied,...,0.42 TND,
1849,2024-11-20,8 S,Sold By + ♻ + Cases ⚡ [IMEI/SN],IFREECHECK PRO [Other Script 100],hedhiliramzi,355565708323830,Rejected,...,8.40 TND,
1848,2024-11-20,5 S,Sold By Info ⚡ [IMEI/SN],IFREECHECK PRO [Other Script 100],hedhiliramzi,355565708323830,Rejected,...,8.05 TND,
1847,2024-11-20,7 S,Sold By + ♻ + Cases ⚡ [IMEI/SN],IFREECHECK PRO [Other Script 100],Medelhedi.zorrig,YXYQQMPGXD,Rejected,...,8.40 TND,
1846,2024-11-19,47 S,All-in-one (Basic Info) [IMEI/SN],IFREECHECK PRO [Other Script 100],kila.faydi,C4D0QX5LXN,Replied,...,0.49 TND,
1845,2024-11-19,46 S,All-in-one (Basic Info) [IMEI/SN],IFREECHECK PRO [Other Script 100],firassebousmina,353912104962823,Replied,...,0.49 TND,
1844,2024-11-19,2 Min,LPRO MAX BYPASS PREMIUM IPHONE 6S / 6S+,Amrr unlocker  [Other Fusion 2],kila.faydi,FFMR90YRGRY9,Replied,...,49.00 TND,
1843,2024-11-19,17 Min,LPRO MAX BYPASS PREMIUM IPHONE 6S / 6S+,Amrr unlocker  [Other Fusion 2],kila.faydi,FFMR90YRGRY9,Rejected,...,49.00 TND,
1842,2024-11-19,2 Min,LPRO MAX BYPASS PREMIUM IPHONE 6S / 6S+,Amrr unlocker  [Other Fusion 2],kila.faydi,FFMR90YRGRY9,Rejected,...,49.00 TND,
1841,2024-11-18,11 S,All-in-one (iFreeCheck Pro)+ Carrier [IMEI/SN],IFREECHECK PRO [Other Script 100],kila.faydi,FVFZ4702LYWJ,Replied,...,0.56 TND,
1840,2024-11-18,4 Min,LPRO MAX BYPASS PREMIUM IPHONE 6S / 6S+,Amrr unlocker  [Other Fusion 2],hedhiliramzi,F4GQJ5UUGRY0,Rejected,...,49.00 TND,
1839,2024-11-16,16 S,All-in-one (iFreeCheck Pro) [No Carrier ❌] [IMEI/SN],IFREECHECK PRO [Other Script 100],kila.faydi,GHLZD0JCJCLF,Replied,...,0.42 TND,
